{
  "gc_only": {
    "mean_r2": 0.400205880213508,
    "std_r2": 0.041830905303183695,
    "features": [
      "gc_content",
      "at_content",
      "gc_variance",
      "gc_max",
      "gc_min"
    ]
  },
  "dinuc_only": {
    "mean_r2": 0.4735729380675334,
    "std_r2": 0.07464693170685988,
    "n_features": 16
  },
  "shape_only": {
    "mean_r2": 0.4518318430798633,
    "std_r2": 0.04641761945224866,
    "features": [
      "roll_mean",
      "roll_std",
      "roll_min",
      "roll_max",
      "twist_mean",
      "twist_std"
    ]
  },
  "trinuc_only": {
    "mean_r2": 0.47700322448778465,
    "std_r2": 0.10050940324622329,
    "n_features": 64
  },
  "all_features": {
    "mean_r2": 0.48332729609640407,
    "std_r2": 0.10314326710352421,
    "n_features": 91
  },
  "top_features": [
    [
      "dinuc_CG",
      0.2167870395317691
    ],
    [
      "gc_content",
      0.08928766471017667
    ],
    [
      "at_content",
      0.08587452925843365
    ],
    [
      "twist_std",
      0.0471330074778455
    ],
    [
      "roll_std",
      0.030953061312089133
    ],
    [
      "gc_min",
      0.023298303480953377
    ],
    [
      "kmer_CGG",
      0.02083493461475457
    ],
    [
      "dinuc_TT",
      0.019147358893048826
    ],
    [
      "dinuc_TG",
      0.018208708063800743
    ],
    [
      "kmer_TTG",
      0.018150344138137823
    ],
    [
      "dinuc_CA",
      0.01717486209224939
    ],
    [
      "roll_mean",
      0.015976515860882546
    ],
    [
      "kmer_CGC",
      0.015498821514531115
    ],
    [
      "twist_mean",
      0.013867629545576595
    ],
    [
      "kmer_CTG",
      0.013382370343158059
    ],
    [
      "gc_max",
      0.012545171062334826
    ],
    [
      "gc_variance",
      0.010714801946791714
    ],
    [
      "dinuc_AA",
      0.01028383266242477
    ],
    [
      "dinuc_TC",
      0.010161193966645292
    ],
    [
      "kmer_CTT",
      0.008975164622208185
    ]
  ],
  "correlations": {
    "gc_content": {
      "r": 0.6315993425351181,
      "p": 5.0805676413968305e-57
    },
    "dinuc_CG": {
      "r": 0.5847463786490659,
      "p": 3.423811249647887e-47
    },
    "dinuc_GC": {
      "r": 0.5029667084056763,
      "p": 2.0389895129625715e-33
    },
    "roll_mean": {
      "r": 0.11044690729078023,
      "p": 0.013471672327364776
    },
    "twist_std": {
      "r": 0.5956041424165697,
      "p": 2.5108184025693813e-49
    }
  },
  "dataset": "agarwal",
  "model": "dnabert2",
  "n_samples": 500
}