{
  "gc_only": {
    "mean_r2": 0.08194434862066173,
    "std_r2": 0.086299312496853,
    "features": [
      "gc_content",
      "at_content",
      "gc_variance",
      "gc_max",
      "gc_min"
    ]
  },
  "dinuc_only": {
    "mean_r2": 0.11482912623695585,
    "std_r2": 0.06400662948477169,
    "n_features": 16
  },
  "shape_only": {
    "mean_r2": 0.09138787179325576,
    "std_r2": 0.057702553217290065,
    "features": [
      "roll_mean",
      "roll_std",
      "roll_min",
      "roll_max",
      "twist_mean",
      "twist_std"
    ]
  },
  "trinuc_only": {
    "mean_r2": 0.1656495705608776,
    "std_r2": 0.09466371595523984,
    "n_features": 64
  },
  "all_features": {
    "mean_r2": 0.16346992965696855,
    "std_r2": 0.10579373266253654,
    "n_features": 91
  },
  "top_features": [
    [
      "kmer_CGC",
      0.0692572881963454
    ],
    [
      "dinuc_AG",
      0.05177894241086179
    ],
    [
      "roll_mean",
      0.03929896266321701
    ],
    [
      "kmer_TTA",
      0.03525586486532481
    ],
    [
      "roll_std",
      0.03165540092981671
    ],
    [
      "dinuc_CG",
      0.029094225232380838
    ],
    [
      "twist_std",
      0.022582323379716746
    ],
    [
      "gc_variance",
      0.020269916735932682
    ],
    [
      "kmer_CAT",
      0.01999443593723698
    ],
    [
      "dinuc_CC",
      0.01989685036349583
    ],
    [
      "kmer_CTT",
      0.019220586865557606
    ],
    [
      "kmer_GGG",
      0.018925177511536547
    ],
    [
      "twist_mean",
      0.01607317865695296
    ],
    [
      "kmer_CTA",
      0.013456584490886617
    ],
    [
      "dinuc_AC",
      0.013365228698793015
    ],
    [
      "kmer_ATG",
      0.013017059358855
    ],
    [
      "kmer_TTT",
      0.012937116276715949
    ],
    [
      "kmer_AGC",
      0.01243936322192676
    ],
    [
      "kmer_CCC",
      0.01174562165528378
    ],
    [
      "dinuc_TG",
      0.01171237783869847
    ]
  ],
  "correlations": {
    "gc_content": {
      "r": 0.3029899289911333,
      "p": 4.470140817457234e-12
    },
    "dinuc_CG": {
      "r": 0.319468834803363,
      "p": 2.5112359738879594e-13
    },
    "dinuc_GC": {
      "r": 0.27036728196324267,
      "p": 7.982285704847372e-10
    },
    "roll_mean": {
      "r": -0.16693291620478723,
      "p": 0.0001770222903111333
    },
    "twist_std": {
      "r": 0.28405352021408087,
      "p": 9.83501478476983e-11
    }
  },
  "dataset": "de_almeida",
  "model": "dnabert2",
  "n_samples": 500
}