{
  "agarwal": {
    "gc_only": {
      "mean_r2": 0.400205880213508,
      "std_r2": 0.041830905303183695,
      "features": [
        "gc_content",
        "at_content",
        "gc_variance",
        "gc_max",
        "gc_min"
      ]
    },
    "dinuc_only": {
      "mean_r2": 0.4735729380675334,
      "std_r2": 0.07464693170685988,
      "n_features": 16
    },
    "shape_only": {
      "mean_r2": 0.4518318430798633,
      "std_r2": 0.04641761945224866,
      "features": [
        "roll_mean",
        "roll_std",
        "roll_min",
        "roll_max",
        "twist_mean",
        "twist_std"
      ]
    },
    "trinuc_only": {
      "mean_r2": 0.47700322448778465,
      "std_r2": 0.10050940324622329,
      "n_features": 64
    },
    "all_features": {
      "mean_r2": 0.48332729609640407,
      "std_r2": 0.10314326710352421,
      "n_features": 91
    },
    "top_features": [
      [
        "dinuc_CG",
        0.2167870395317691
      ],
      [
        "gc_content",
        0.08928766471017667
      ],
      [
        "at_content",
        0.08587452925843365
      ],
      [
        "twist_std",
        0.0471330074778455
      ],
      [
        "roll_std",
        0.030953061312089133
      ],
      [
        "gc_min",
        0.023298303480953377
      ],
      [
        "kmer_CGG",
        0.02083493461475457
      ],
      [
        "dinuc_TT",
        0.019147358893048826
      ],
      [
        "dinuc_TG",
        0.018208708063800743
      ],
      [
        "kmer_TTG",
        0.018150344138137823
      ],
      [
        "dinuc_CA",
        0.01717486209224939
      ],
      [
        "roll_mean",
        0.015976515860882546
      ],
      [
        "kmer_CGC",
        0.015498821514531115
      ],
      [
        "twist_mean",
        0.013867629545576595
      ],
      [
        "kmer_CTG",
        0.013382370343158059
      ],
      [
        "gc_max",
        0.012545171062334826
      ],
      [
        "gc_variance",
        0.010714801946791714
      ],
      [
        "dinuc_AA",
        0.01028383266242477
      ],
      [
        "dinuc_TC",
        0.010161193966645292
      ],
      [
        "kmer_CTT",
        0.008975164622208185
      ]
    ],
    "correlations": {
      "gc_content": {
        "r": 0.6315993425351181,
        "p": 5.0805676413968305e-57
      },
      "dinuc_CG": {
        "r": 0.5847463786490659,
        "p": 3.423811249647887e-47
      },
      "dinuc_GC": {
        "r": 0.5029667084056763,
        "p": 2.0389895129625715e-33
      },
      "roll_mean": {
        "r": 0.11044690729078023,
        "p": 0.013471672327364776
      },
      "twist_std": {
        "r": 0.5956041424165697,
        "p": 2.5108184025693813e-49
      }
    },
    "dataset": "agarwal",
    "model": "dnabert2",
    "n_samples": 500
  },
  "jores": {
    "gc_only": {
      "mean_r2": 0.5883583650742701,
      "std_r2": 0.032954793384306576,
      "features": [
        "gc_content",
        "at_content",
        "gc_variance",
        "gc_max",
        "gc_min"
      ]
    },
    "dinuc_only": {
      "mean_r2": 0.7448824820082594,
      "std_r2": 0.024318340601406307,
      "n_features": 16
    },
    "shape_only": {
      "mean_r2": 0.5333627290118239,
      "std_r2": 0.02887306164444902,
      "features": [
        "roll_mean",
        "roll_std",
        "roll_min",
        "roll_max",
        "twist_mean",
        "twist_std"
      ]
    },
    "trinuc_only": {
      "mean_r2": 0.7987796897955226,
      "std_r2": 0.022061905310302728,
      "n_features": 64
    },
    "all_features": {
      "mean_r2": 0.8045077023994895,
      "std_r2": 0.03118466995904088,
      "n_features": 91
    },
    "top_features": [
      [
        "dinuc_TA",
        0.45988928345034474
      ],
      [
        "gc_content",
        0.05081246804670548
      ],
      [
        "kmer_ATA",
        0.04609868100480966
      ],
      [
        "at_content",
        0.03517625802634084
      ],
      [
        "kmer_TAT",
        0.03384640351993941
      ],
      [
        "kmer_AAA",
        0.03339486928730188
      ],
      [
        "gc_min",
        0.032786362452686964
      ],
      [
        "dinuc_TG",
        0.025826454022339476
      ],
      [
        "kmer_TAA",
        0.020638230503577024
      ],
      [
        "dinuc_GC",
        0.019502929118339236
      ],
      [
        "dinuc_AA",
        0.019011888884589066
      ],
      [
        "twist_std",
        0.008466716528360554
      ],
      [
        "dinuc_GG",
        0.007104033281632812
      ],
      [
        "dinuc_GT",
        0.0063656639266595726
      ],
      [
        "kmer_GCA",
        0.005890229397356444
      ],
      [
        "kmer_TGA",
        0.004951076966424994
      ],
      [
        "kmer_GAA",
        0.0049446526993248635
      ],
      [
        "kmer_CGG",
        0.004869575620774253
      ],
      [
        "kmer_TGG",
        0.004793195621675722
      ],
      [
        "roll_std",
        0.004757502356189941
      ]
    ],
    "correlations": {
      "gc_content": {
        "r": -0.7575512057310448,
        "p": 2.6639660189834684e-94
      },
      "dinuc_CG": {
        "r": -0.5723629919905514,
        "p": 7.465634832463192e-45
      },
      "dinuc_GC": {
        "r": -0.7045767682995691,
        "p": 3.2926351689763686e-76
      },
      "roll_mean": {
        "r": -0.4993643565121414,
        "p": 6.82215489869885e-33
      },
      "twist_std": {
        "r": -0.6702652730610922,
        "p": 1.6687341959361813e-66
      }
    },
    "dataset": "jores",
    "model": "dnabert2",
    "n_samples": 500
  },
  "de_almeida": {
    "gc_only": {
      "mean_r2": 0.08194434862066173,
      "std_r2": 0.086299312496853,
      "features": [
        "gc_content",
        "at_content",
        "gc_variance",
        "gc_max",
        "gc_min"
      ]
    },
    "dinuc_only": {
      "mean_r2": 0.11482912623695585,
      "std_r2": 0.06400662948477169,
      "n_features": 16
    },
    "shape_only": {
      "mean_r2": 0.09138787179325576,
      "std_r2": 0.057702553217290065,
      "features": [
        "roll_mean",
        "roll_std",
        "roll_min",
        "roll_max",
        "twist_mean",
        "twist_std"
      ]
    },
    "trinuc_only": {
      "mean_r2": 0.1656495705608776,
      "std_r2": 0.09466371595523984,
      "n_features": 64
    },
    "all_features": {
      "mean_r2": 0.16346992965696855,
      "std_r2": 0.10579373266253654,
      "n_features": 91
    },
    "top_features": [
      [
        "kmer_CGC",
        0.0692572881963454
      ],
      [
        "dinuc_AG",
        0.05177894241086179
      ],
      [
        "roll_mean",
        0.03929896266321701
      ],
      [
        "kmer_TTA",
        0.03525586486532481
      ],
      [
        "roll_std",
        0.03165540092981671
      ],
      [
        "dinuc_CG",
        0.029094225232380838
      ],
      [
        "twist_std",
        0.022582323379716746
      ],
      [
        "gc_variance",
        0.020269916735932682
      ],
      [
        "kmer_CAT",
        0.01999443593723698
      ],
      [
        "dinuc_CC",
        0.01989685036349583
      ],
      [
        "kmer_CTT",
        0.019220586865557606
      ],
      [
        "kmer_GGG",
        0.018925177511536547
      ],
      [
        "twist_mean",
        0.01607317865695296
      ],
      [
        "kmer_CTA",
        0.013456584490886617
      ],
      [
        "dinuc_AC",
        0.013365228698793015
      ],
      [
        "kmer_ATG",
        0.013017059358855
      ],
      [
        "kmer_TTT",
        0.012937116276715949
      ],
      [
        "kmer_AGC",
        0.01243936322192676
      ],
      [
        "kmer_CCC",
        0.01174562165528378
      ],
      [
        "dinuc_TG",
        0.01171237783869847
      ]
    ],
    "correlations": {
      "gc_content": {
        "r": 0.3029899289911333,
        "p": 4.470140817457234e-12
      },