{
  "gc_only": {
    "mean_r2": 0.5883583650742701,
    "std_r2": 0.032954793384306576,
    "features": [
      "gc_content",
      "at_content",
      "gc_variance",
      "gc_max",
      "gc_min"
    ]
  },
  "dinuc_only": {
    "mean_r2": 0.7448824820082594,
    "std_r2": 0.024318340601406307,
    "n_features": 16
  },
  "shape_only": {
    "mean_r2": 0.5333627290118239,
    "std_r2": 0.02887306164444902,
    "features": [
      "roll_mean",
      "roll_std",
      "roll_min",
      "roll_max",
      "twist_mean",
      "twist_std"
    ]
  },
  "trinuc_only": {
    "mean_r2": 0.7987796897955226,
    "std_r2": 0.022061905310302728,
    "n_features": 64
  },
  "all_features": {
    "mean_r2": 0.8045077023994895,
    "std_r2": 0.03118466995904088,
    "n_features": 91
  },
  "top_features": [
    [
      "dinuc_TA",
      0.45988928345034474
    ],
    [
      "gc_content",
      0.05081246804670548
    ],
    [
      "kmer_ATA",
      0.04609868100480966
    ],
    [
      "at_content",
      0.03517625802634084
    ],
    [
      "kmer_TAT",
      0.03384640351993941
    ],
    [
      "kmer_AAA",
      0.03339486928730188
    ],
    [
      "gc_min",
      0.032786362452686964
    ],
    [
      "dinuc_TG",
      0.025826454022339476
    ],
    [
      "kmer_TAA",
      0.020638230503577024
    ],
    [
      "dinuc_GC",
      0.019502929118339236
    ],
    [
      "dinuc_AA",
      0.019011888884589066
    ],
    [
      "twist_std",
      0.008466716528360554
    ],
    [
      "dinuc_GG",
      0.007104033281632812
    ],
    [
      "dinuc_GT",
      0.0063656639266595726
    ],
    [
      "kmer_GCA",
      0.005890229397356444
    ],
    [
      "kmer_TGA",
      0.004951076966424994
    ],
    [
      "kmer_GAA",
      0.0049446526993248635
    ],
    [
      "kmer_CGG",
      0.004869575620774253
    ],
    [
      "kmer_TGG",
      0.004793195621675722
    ],
    [
      "roll_std",
      0.004757502356189941
    ]
  ],
  "correlations": {
    "gc_content": {
      "r": -0.7575512057310448,
      "p": 2.6639660189834684e-94
    },
    "dinuc_CG": {
      "r": -0.5723629919905514,
      "p": 7.465634832463192e-45
    },
    "dinuc_GC": {
      "r": -0.7045767682995691,
      "p": 3.2926351689763686e-76
    },
    "roll_mean": {
      "r": -0.4993643565121414,
      "p": 6.82215489869885e-33
    },
    "twist_std": {
      "r": -0.6702652730610922,
      "p": 1.6687341959361813e-66
    }
  },
  "dataset": "jores",
  "model": "dnabert2",
  "n_samples": 500
}