{
  "dataset": "agarwal",
  "cell_type": "K562",
  "model": "PARM",
  "n_enhancers": 100,
  "n_shuffles": 100,
  "median_gsi": 0.19187809306118703,
  "mean_gsi": 0.19442525417593315,
  "median_z": 0.5515422761393769,
  "frac_significant": 0.06,
  "frac_gsi_gt_0.1": 0.98
}