{
  "pearson_r": 0.2336231852645677,
  "pearson_p": 0.00021828087043948013,
  "spearman_rho": 0.19271617800867752,
  "spearman_p": 0.002399397891584842,
  "r_squared": 0.05457979269316253,
  "mse": 0.21448396146297455,
  "n_train": 1962,
  "n_val": 245,
  "n_test": 246,
  "best_epoch": 90,
  "viable": false,
  "train_losses": [
    0.47822905145585537,
    0.25922879949212074,
    0.21251318976283073,
    0.19212604500353336,
    0.18592957220971584,
    0.1806377386674285,
    0.17928959988057613,
    0.18210699036717415,
    0.1818248424679041,
    0.1789050940424204,
    0.18179802782833576,
    0.18080584052950144,
    0.1754929982125759,
    0.18163768388330936,
    0.17783313058316708,
    0.17511957697570324,
    0.1735955998301506,
    0.17182356771081686,
    0.17227731458842754,
    0.17181123979389668,
    0.17175960913300514,
    0.17111975699663162,
    0.16882041282951832,
    0.16705424152314663,
    0.16994762048125267,
    0.16891179885715246,
    0.16557388566434383,
    0.16841264255344868,
    0.16693683248013258,
    0.16849865578114986,
    0.16616704687476158,
    0.16576567851006985,
    0.16160590015351772,
    0.16183715779334307,
    0.1603767778724432,
    0.16188942827284336,
    0.15921186096966267,
    0.15829359740018845,
    0.15709522366523743,
    0.15921973250806332,
    0.1547470036894083,
    0.15615646913647652,
    0.15680979192256927,
    0.155525341629982,
    0.1525544598698616,
    0.1539390180259943,
    0.15556043479591608,
    0.15082463808357716,
    0.1495252586901188,
    0.1509928610175848,
    0.15068968944251537,
    0.14966857619583607,
    0.14834752958267927,
    0.14818024914711714,
    0.14747044909745455,
    0.14818120189011097,
    0.14683438278734684,
    0.1455986425280571,
    0.1479324009269476,
    0.14198916126042604,
    0.14106449484825134,
    0.13967349659651518,
    0.14380525797605515,
    0.1401703804731369,
    0.14353137090802193,
    0.14124905038625002,
    0.13948317244648933,
    0.1394190387800336,
    0.1396037796512246,
    0.14139721915125847,
    0.13984645251184702,
    0.13817263673990965,
    0.13627296686172485,
    0.13728691823780537,
    0.13665894325822592,
    0.13771310541778803,
    0.1324298046529293
  ],
  "val_losses": [
    0.28929653763771057,
    0.1713443398475647,
    0.18737302720546722,
    0.1756458580493927,
    0.167738676071167,
    0.1671781837940216,
    0.16606669127941132,
    0.16577982902526855,
    0.16558441519737244,
    0.16499082744121552,
    0.1648511290550232,
    0.1643090695142746,
    0.16385014355182648,
    0.16407915949821472,
    0.16311654448509216,
    0.1627972573041916,
    0.16256460547447205,
    0.162062406539917,
    0.1614348292350769,
    0.16120748221874237,
    0.16064994037151337,
    0.16024963557720184,
    0.16033069789409637,
    0.16081462800502777,
    0.16016271710395813,
    0.15889035165309906,
    0.15837466716766357,
    0.15787433087825775,
    0.1578110158443451,
    0.15730389952659607,
    0.15775974094867706,
    0.15686996281147003,
    0.15588797628879547,
    0.15506358444690704,
    0.15481379628181458,
    0.15439842641353607,
    0.1541721522808075,
    0.153880774974823,
    0.15319788455963135,
    0.155018612742424,
    0.15220588445663452,
    0.15152518451213837,
    0.1510811150074005,
    0.15052983164787292,
    0.1514473408460617,
    0.15393289923667908,
    0.15417446196079254,
    0.15004143118858337,
    0.15071283280849457,
    0.15090221166610718,
    0.14927825331687927,
    0.14910165965557098,
    0.1488507241010666,
    0.1493176817893982,
    0.1485842913389206,
    0.14665894210338593,
    0.14708338677883148,
    0.15441039204597473,
    0.14780855178833008,
    0.14618976414203644,
    0.14634713530540466,
    0.15031850337982178,
    0.1512681394815445,
    0.14619800448417664,
    0.1473315805196762,
    0.14603452384471893,
    0.14585259556770325,
    0.14917072653770447,
    0.1477416604757309,
    0.1473243534564972,
    0.14706173539161682,
    0.14810726046562195,
    0.14820925891399384,
    0.1489996463060379,
    0.14784084260463715,
    0.1468844711780548,
    0.14806798100471497
  ]
}