{
  "pearson_r": 0.5796054528513945,
  "pearson_p": 3.2922550244838744e-46,
  "spearman_rho": 0.5992916899327615,
  "spearman_p": 4.5308969158867525e-50,
  "r_squared": 0.3359424809750701,
  "mse": 1.2714983224868774,
  "n_train": 4000,
  "n_val": 500,
  "n_test": 500,
  "best_epoch": 90,
  "viable": true,
  "train_losses": [
    3.3061926886439323,
    1.7949217483401299,
    1.6059143021702766,
    1.5064347460865974,
    1.4613963142037392,
    1.4184410646557808,
    1.3895394951105118,
    1.3654751405119896,
    1.3399345427751541,
    1.340574786067009,
    1.3185912817716599,
    1.2959655448794365,
    1.2786911204457283,
    1.2649610340595245,
    1.24864811450243,
    1.2285431921482086,
    1.227472998201847,
    1.2266809046268463,
    1.2014320082962513,
    1.1887620948255062,
    1.1819465309381485,
    1.1712087579071522,
    1.1546729989349842,
    1.165430672466755,
    1.1439226046204567,
    1.134519174695015,
    1.1260279268026352,
    1.1265562623739243,
    1.1120504587888718,
    1.1191266179084778,
    1.123493254184723,
    1.1141983047127724,
    1.0923975557088852,
    1.1019174680113792,
    1.1069128923118114,
    1.096831176429987,
    1.0862655080854893,
    1.0764912106096745,
    1.086200062185526,
    1.0824954472482204,
    1.0769874155521393,
    1.074383668601513,
    1.0669009536504745,
    1.0586106479167938,
    1.0694584585726261,
    1.0614229589700699
  ],
  "val_losses": [
    2.143838107585907,
    1.653977394104004,
    1.5229196548461914,
    1.4400368332862854,
    1.3797746300697327,
    1.3446953296661377,
    1.3105606436729431,
    1.2849844098091125,
    1.264253854751587,
    1.2493506073951721,
    1.2287862300872803,
    1.2131996750831604,
    1.199004888534546,
    1.1886652708053589,
    1.176604449748993,
    1.1645983457565308,
    1.1675429940223694,
    1.1475354433059692,
    1.1477603912353516,
    1.1605348587036133,
    1.1346094012260437,
    1.1275458335876465,
    1.1637529730796814,
    1.1246535181999207,
    1.1234830021858215,
    1.1243970394134521,
    1.1141340732574463,
    1.1138094067573547,
    1.1156076788902283,
    1.118510127067566,
    1.1132351756095886,
    1.1185917258262634,
    1.1112548112869263,
    1.1093586683273315,
    1.1089178919792175,
    1.1083021759986877,
    1.1128698587417603,
    1.1179773211479187,
    1.110563576221466,
    1.1095800399780273,
    1.109996736049652,
    1.118954360485077,
    1.1163676381111145,
    1.145406186580658,
    1.1110221147537231,
    1.1121826767921448
  ]
}