{
  "pearson_r": 0.2601571855480158,
  "pearson_p": 7.027152116833386e-05,
  "spearman_rho": 0.133753512036116,
  "spearman_p": 0.043632125906138415,
  "r_squared": 0.06768176119226472,
  "mse": 0.3970664143562317,
  "n_train": 1820,
  "n_val": 227,
  "n_test": 228,
  "best_epoch": 90,
  "viable": false,
  "train_losses": [
    0.49090297147631645,
    0.4631657637655735,
    0.4478176012635231,
    0.4530770741403103,
    0.43070803582668304,
    0.42597896233201027,
    0.4364432878792286,
    0.42517995461821556,
    0.42440032958984375,
    0.4218779616057873,
    0.40379223972558975,
    0.41185759752988815,
    0.4040394499897957,
    0.42630482465028763,
    0.40557633712887764,
    0.38705481961369514,
    0.389240525662899,
    0.39487960562109947,
    0.40959178656339645,
    0.4054289981722832,
    0.4017423950135708,
    0.4044274315237999,
    0.3789076805114746,
    0.39424000307917595,
    0.3681067153811455,
    0.3903443031013012,
    0.39084043726325035,
    0.37310725823044777,
    0.3944322317838669,
    0.3734591528773308,
    0.34965326450765133,
    0.35136293061077595,
    0.3457087595015764
  ],
  "val_losses": [
    0.4180706739425659,
    0.4061475396156311,
    0.40085887908935547,
    0.397053599357605,
    0.3980027139186859,
    0.39774200320243835,
    0.4050024449825287,
    0.39566770195961,
    0.38860106468200684,
    0.3975362181663513,
    0.39023053646087646,
    0.3819686472415924,
    0.40791788697242737,
    0.39911195635795593,
    0.3806547224521637,
    0.38624122738838196,
    0.3798239827156067,
    0.3797529935836792,
    0.40352344512939453,
    0.38077136874198914,
    0.4076882302761078,
    0.379757821559906,
    0.3785787522792816,
    0.37879249453544617,
    0.37986698746681213,
    0.3919109106063843,
    0.3800191879272461,
    0.38629961013793945,
    0.3814673125743866,
    0.3794424533843994,
    0.3909495174884796,
    0.38371995091438293,
    0.3888093829154968
  ]
}