{
  "pearson_r": 0.47216669365414093,
  "pearson_p": 3.972155953405697e-29,
  "spearman_rho": 0.4760292598955486,
  "spearman_p": 1.2152245932567028e-29,
  "r_squared": 0.22294138659628338,
  "mse": 4.461221218109131,
  "n_train": 4000,
  "n_val": 500,
  "n_test": 500,
  "best_epoch": 100,
  "viable": true,
  "train_losses": [
    98.54925012588501,
    26.845869451761246,
    8.081038057804108,
    6.878756254911423,
    6.4774046540260315,
    6.316557168960571,
    6.30716747045517,
    6.207250893115997,
    6.246944159269333,
    6.1979062259197235,
    6.176635503768921,
    6.137168139219284,
    6.083898067474365,
    5.978984862565994,
    5.969891339540482,
    5.893727540969849,
    5.874577522277832,
    5.850394755601883,
    5.775995135307312,
    5.769062757492065,
    5.740138113498688,
    5.740015387535095,
    5.667097240686417,
    5.653743267059326,
    5.699541687965393,
    5.588699221611023,
    5.51719057559967,
    5.470060259103775,
    5.493281573057175,
    5.470541715621948,
    5.4100469052791595,
    5.413725435733795,
    5.410399317741394,
    5.358587980270386,
    5.324135482311249,
    5.297148674726486,
    5.38005268573761,
    5.226264864206314,
    5.268462300300598,
    5.224796801805496,
    5.157279193401337,
    5.178126394748688,
    5.120492488145828,
    5.114825278520584,
    5.133817911148071,
    5.044255912303925,
    5.093936324119568,
    5.033432453870773,
    5.033653676509857,
    5.038225382566452,
    4.984644681215286,
    4.956485778093338,
    4.939935654401779,
    4.945098131895065,
    4.891850709915161,
    4.9075638353824615,
    4.906017675995827,
    4.881386384367943,
    4.888979434967041,
    4.823525547981262,
    4.8384228348731995,
    4.800374299287796,
    4.787359416484833,
    4.7349595576524734,
    4.759492933750153,
    4.716585725545883,
    4.697829693555832,
    4.671371042728424,
    4.63519012928009,
    4.654870182275772,
    4.617290303111076,
    4.638824641704559,
    4.639639168977737,
    4.61185622215271,
    4.578044086694717,
    4.552089184522629,
    4.58622719347477,
    4.513267368078232,
    4.566365867853165,
    4.510488674044609,
    4.47954948246479,
    4.414965063333511,
    4.4618279337883,
    4.476002961397171,
    4.457290560007095,
    4.413763910531998,
    4.437647670507431,
    4.403409764170647,
    4.352057114243507,
    4.344730034470558,
    4.426503285765648,
    4.380013570189476,
    4.308012515306473,
    4.305785194039345,
    4.346908822655678,
    4.294263228774071,
    4.315096020698547,
    4.248789682984352,
    4.221474334597588,
    4.245296135544777
  ],
  "val_losses": [
    54.05706977844238,
    6.514754056930542,
    8.68640661239624,
    6.45950174331665,
    6.398071765899658,
    6.399111270904541,
    6.320990800857544,
    6.291615009307861,
    6.266623497009277,
    6.217802286148071,
    6.176835536956787,
    6.140819311141968,
    6.089564323425293,
    6.076392650604248,
    6.021279335021973,
    6.019942760467529,
    5.95854377746582,
    5.935735464096069,
    5.9107208251953125,
    5.874005556106567,
    5.840471506118774,
    5.797388792037964,
    5.78350043296814,
    5.79438328742981,
    5.721312522888184,
    5.717132806777954,
    5.672056674957275,
    5.666122674942017,
    5.6229026317596436,
    5.614344120025635,
    5.5895843505859375,
    5.60174560546875,
    5.520710706710815,
    5.571893692016602,
    5.471765518188477,
    5.452180862426758,
    5.440803289413452,
    5.5193703174591064,
    5.426429271697998,
    5.397661209106445,
    5.457113742828369,
    5.427788496017456,
    5.3444390296936035,
    5.344430208206177,
    5.329129695892334,
    5.298121929168701,
    5.261075258255005,
    5.2472450733184814,
    5.296622276306152,
    5.21506929397583,
    5.211703538894653,
    5.230004072189331,
    5.369570255279541,
    5.2028515338897705,
    5.169071912765503,
    5.165813207626343,
    5.171422958374023,
    5.1338324546813965,
    5.105056524276733,
    5.1127378940582275,
    5.093446969985962,
    5.072969436645508,
    5.0853917598724365,
    5.056048154830933,
    5.085272312164307,
    5.067403078079224,
    5.158962726593018,
    5.018186330795288,
    4.9993555545806885,
    4.988511562347412,
    4.992338180541992,
    4.968965768814087,
    4.965989112854004,
    4.961219549179077,
    4.942664384841919,
    4.982900381088257,
    4.929842233657837,
    4.9136621952056885,
    4.907994508743286,
    4.893614768981934,
    4.885948181152344,
    4.919086456298828,
    4.868238925933838,
    4.907318592071533,
    4.846670627593994,
    4.84027624130249,
    4.845284461975098,
    4.949121952056885,
    4.85546088218689,
    4.980795860290527,
    4.850376129150391,
    4.782583475112915,
    4.786256313323975,
    4.775795221328735,
    4.755448341369629,
    4.758211851119995,
    4.772316217422485,
    4.749060869216919,
    4.717287063598633,
    4.708568334579468
  ]
}