{
  "pearson_r": 0.3404169145354265,
  "pearson_p": 4.96074632597932e-15,
  "spearman_rho": 0.29951421277541657,
  "spearman_p": 8.02033483829264e-12,
  "r_squared": 0.11588367570181987,
  "mse": 0.2433227002620697,
  "n_train": 4000,
  "n_val": 500,
  "n_test": 500,
  "best_epoch": 90,
  "viable": true,
  "train_losses": [
    0.27719992864876986,
    0.26617310382425785,
    0.25843166932463646,
    0.25334697030484676,
    0.24983730632811785,
    0.24566020350903273,
    0.23880450148135424,
    0.2309902012348175,
    0.22426286898553371,
    0.2204736340790987,
    0.21981918066740036,
    0.21337439958006144,
    0.21058721374720335,
    0.20915404986590147,
    0.20617993641644716,
    0.20521023590117693,
    0.20267201121896505,
    0.20269348565489054
  ],
  "val_losses": [
    0.2312442734837532,
    0.2293466180562973,
    0.22791172564029694,
    0.22947682440280914,
    0.2293114885687828,
    0.22998222708702087,
    0.221294105052948,
    0.2194012999534607,
    0.22591332346200943,
    0.22229678183794022,
    0.22043001651763916,
    0.22108250111341476,
    0.2246098294854164,
    0.2290603220462799,
    0.2288486286997795,
    0.22318076342344284,
    0.2245519608259201,
    0.22916436195373535
  ]
}