{
  "pearson_r": 0.41805992299582734,
  "pearson_p": 1.427248445006904e-22,
  "spearman_rho": 0.41196609179114796,
  "spearman_p": 6.630221682638269e-22,
  "r_squared": 0.1747740992152771,
  "mse": 4.4567413330078125,
  "n_train": 4000,
  "n_val": 500,
  "n_test": 500,
  "best_epoch": 97,
  "viable": true,
  "train_losses": [
    75.12453842163086,
    10.326222032308578,
    7.3316680788993835,
    6.447865605354309,
    6.150912374258041,
    5.993385910987854,
    5.991176784038544,
    5.891158074140549,
    5.817675679922104,
    5.831072241067886,
    5.7404016852378845,
    5.729554444551468,
    5.717509150505066,
    5.625505685806274,
    5.637537389993668,
    5.523086071014404,
    5.529603838920593,
    5.481480121612549,
    5.427398771047592,
    5.4208100736141205,
    5.405300110578537,
    5.348084181547165,
    5.317598730325699,
    5.321850150823593,
    5.312290072441101,
    5.244822174310684,
    5.196159452199936,
    5.227258145809174,
    5.197321832180023,
    5.1658034324646,
    5.168361485004425,
    5.1100559532642365,
    5.11439836025238,
    5.245469331741333,
    5.116621255874634,
    5.1086068749427795,
    5.063000589609146,
    5.138947233557701,
    5.149401694536209,
    5.134009420871735,
    5.102424800395966,
    5.148651629686356,
    5.1561625599861145,
    5.068423271179199,
    5.187406092882156,
    5.0608110427856445,
    5.068638652563095,
    5.025003343820572,
    5.0222903192043304,
    5.0398291647434235,
    4.997623443603516,
    5.015672355890274,
    5.053060591220856,
    4.933176279067993,
    5.018735736608505,
    5.027754187583923,
    5.0536651611328125,
    5.001005530357361,
    5.008942097425461,
    5.004324734210968,
    5.037424564361572,
    4.981784254312515,
    4.9758292734622955,
    4.996167898178101,
    4.902733325958252,
    4.965165764093399,
    5.001727253198624,
    4.945746839046478,
    4.929473489522934,
    4.9417614340782166,
    5.0005292892456055,
    4.900402724742889,
    5.005188167095184,
    4.887497037649155,
    4.929497182369232,
    4.874361544847488,
    4.864457130432129,
    4.930101543664932,
    4.8612305372953415,
    4.937684625387192,
    4.903834491968155,
    4.944267928600311,
    4.8878075778484344,
    4.9204999804496765,
    4.89863994717598,
    4.943982183933258,
    4.875517278909683,
    4.845131367444992,
    4.828389286994934,
    4.813907742500305,
    4.879379630088806,
    4.8541925847530365,
    4.929472431540489,
    4.88930307328701,
    4.82577320933342,
    4.850142389535904,
    4.878295585513115,
    4.979359179735184,
    4.854023486375809,
    4.8604472279548645
  ],
  "val_losses": [
    18.43162250518799,
    11.375166416168213,
    5.993810653686523,
    5.777072191238403,
    5.707319974899292,
    5.640217304229736,
    5.613013982772827,
    5.567435026168823,
    5.522860050201416,
    5.463976621627808,
    5.444358825683594,
    5.402196645736694,
    5.360305070877075,
    5.326240062713623,
    5.273368835449219,
    5.266113519668579,
    5.223842620849609,
    5.223644971847534,
    5.1684019565582275,
    5.159080743789673,
    5.089073181152344,
    5.147752523422241,
    5.038306713104248,
    5.058762550354004,
    5.007273197174072,
    5.011881113052368,
    4.976348400115967,
    4.978752613067627,
    4.945642471313477,
    4.926522254943848,
    4.981632232666016,
    4.91143012046814,
    4.887665033340454,
    4.893935203552246,
    4.978421926498413,
    4.914071083068848,
    4.869969844818115,
    4.871993541717529,
    4.891755104064941,
    4.846513748168945,
    4.838984489440918,
    4.852717399597168,
    4.82380747795105,
    4.864367485046387,
    4.795114517211914,
    4.821253061294556,
    4.811105966567993,
    4.856598854064941,
    4.881582736968994,
    4.789048671722412,
    4.814307928085327,
    4.7994115352630615,
    4.791061162948608,
    4.7884156703948975,
    4.784523248672485,
    4.731844425201416,
    4.728088140487671,
    4.718409061431885,
    4.718451261520386,
    4.708739995956421,
    4.72946834564209,
    4.7395100593566895,
    4.710187673568726,
    4.757104158401489,
    4.686445474624634,
    4.682562828063965,
    4.680457592010498,
    4.6849353313446045,
    4.741157054901123,
    4.725057363510132,
    4.6905248165130615,
    4.6580774784088135,
    4.710698366165161,
    4.6924052238464355,
    4.721184730529785,
    4.702705383300781,
    4.648857116699219,
    4.636265993118286,
    4.633390188217163,
    4.63267970085144,
    4.641718626022339,
    4.673351287841797,
    4.70616340637207,
    4.718912839889526,
    4.616022348403931,
    4.637399911880493,
    4.6061131954193115,
    4.649001836776733,
    4.608679533004761,
    4.631080389022827,
    4.626341819763184,
    4.6210057735443115,
    4.60889196395874,
    4.645778179168701,
    4.667125463485718,
    4.580308198928833,
    4.576791286468506,
    4.7165844440460205,
    4.5822484493255615,
    4.875847339630127
  ]
}