{
  "pearson_r": 0.17376997178800987,
  "pearson_p": 0.006287231078528205,
  "spearman_rho": 0.039368187286764215,
  "spearman_p": 0.53884579681532,
  "r_squared": 0.03019600309520575,
  "mse": 0.21638643741607666,
  "n_train": 1962,
  "n_val": 245,
  "n_test": 246,
  "best_epoch": 90,
  "viable": false,
  "train_losses": [
    0.5115758180618286,
    0.2231992520391941,
    0.19580070301890373,
    0.19391733221709728,
    0.1886927280575037,
    0.18523592501878738,
    0.18200513161718845,
    0.1815502606332302,
    0.17929055448621511,
    0.17997579276561737,
    0.18198390118777752,
    0.1775411181151867,
    0.1811041347682476,
    0.17849288880825043,
    0.18329130858182907,
    0.17873165477067232,
    0.18155777640640736,
    0.17692504823207855
  ],
  "val_losses": [
    0.23424485325813293,
    0.2163163423538208,
    0.16745787858963013,
    0.15877856314182281,
    0.16240078210830688,
    0.1591171771287918,
    0.16091307997703552,
    0.15864066779613495,
    0.1592959761619568,
    0.1591068059206009,
    0.1596411019563675,
    0.15968294441699982,
    0.16079485416412354,
    0.15991802513599396,
    0.16024808585643768,
    0.1601511389017105,
    0.15944735705852509,
    0.15972961485385895
  ]
}