{
  "pearson_r": 0.23901558784788626,
  "pearson_p": 0.0002703693582165835,
  "spearman_rho": 0.10358012504134433,
  "spearman_p": 0.11884802158165171,
  "r_squared": 0.057128451234270634,
  "mse": 0.39250385761260986,
  "n_train": 1820,
  "n_val": 227,
  "n_test": 228,
  "best_epoch": 90,
  "viable": false,
  "train_losses": [
    0.5627367272973061,
    0.49517735838890076,
    0.47664904594421387,
    0.45282501354813576,
    0.4769335351884365,
    0.4552944526076317,
    0.44845955446362495,
    0.4462907761335373,
    0.4631510004401207,
    0.4358691889792681,
    0.45563533902168274,
    0.48726026341319084,
    0.4720737189054489,
    0.4857160970568657,
    0.49065617471933365,
    0.46003079414367676,
    0.45937420055270195
  ],
  "val_losses": [
    0.43220317363739014,
    0.41169625520706177,
    0.4144177734851837,
    0.4092576503753662,
    0.4058774411678314,
    0.4053346812725067,
    0.40494242310523987,
    0.4122685194015503,
    0.40939509868621826,
    0.4179593026638031,
    0.4161585867404938,
    0.41270875930786133,
    0.4159656763076782,
    0.411194771528244,
    0.40833503007888794,
    0.4138225018978119,
    0.41411101818084717
  ]
}