{
  "pearson_r": 0.5066739191819284,
  "pearson_p": 5.795388363916189e-34,
  "spearman_rho": 0.5317464405095917,
  "spearman_p": 7.701059132002585e-38,
  "r_squared": 0.2567184603791753,
  "mse": 1.4235912561416626,
  "n_train": 4000,
  "n_val": 500,
  "n_test": 500,
  "best_epoch": 90,
  "viable": true,
  "train_losses": [
    2.51691497862339,
    1.7549668475985527,
    1.5360495448112488,
    1.450782097876072,
    1.4006500542163849,
    1.3934034183621407,
    1.3907432109117508,
    1.3907842561602592,
    1.3898436054587364,
    1.391042098402977,
    1.379382610321045,
    1.368239052593708,
    1.3814649432897568,
    1.3741061314940453,
    1.3862810358405113,
    1.3804664239287376,
    1.378692053258419,
    1.364158421754837,
    1.3644590750336647,
    1.3574877232313156,
    1.368274562060833,
    1.3682698607444763,
    1.3909951969981194,
    1.364394724369049,
    1.364513821899891,
    1.3690224662423134,
    1.3583085536956787,
    1.376673087477684,
    1.3714840188622475,
    1.3590621501207352,
    1.3716822043061256,
    1.3595276698470116,
    1.3591520190238953,
    1.3663955330848694,
    1.3472015485167503,
    1.369268722832203,
    1.3558720722794533,
    1.380044013261795,
    1.3697222247719765,
    1.3644312620162964,
    1.3817806988954544,
    1.3641193583607674,
    1.350185289978981,
    1.3523513600230217,
    1.3467101827263832,
    1.3568332940340042,
    1.3551045060157776,
    1.3513868227601051,
    1.3480110317468643,
    1.3562743663787842,
    1.3644841238856316,
    1.3694815188646317,
    1.3697635531425476,
    1.349118635058403,
    1.3500704541802406,
    1.3415863886475563,
    1.358267903327942,
    1.3692700676620007,
    1.3644416481256485,
    1.3647595345973969,
    1.3540812134742737,
    1.3399749398231506,
    1.3389792367815971,
    1.3602437302470207,
    1.346208568662405,
    1.342741571366787,
    1.3360387310385704,
    1.3487364128232002,
    1.353054441511631,
    1.3509575799107552,
    1.34592654556036,
    1.3405591771006584,
    1.3536666557192802,
    1.3315630108118057,
    1.3603488057851791,
    1.353940725326538,
    1.3650752007961273,
    1.3397362232208252,
    1.3457076996564865,
    1.3351870998740196,
    1.3257380798459053,
    1.340483121573925,
    1.3330365717411041,
    1.3216547146439552,
    1.3278678357601166,
    1.3256481513381004,
    1.3275656253099442,
    1.3507937490940094,
    1.3275057151913643,
    1.354630008339882,
    1.39340041577816,
    1.4122688621282578,
    1.3321491330862045,
    1.3250664994120598,
    1.3287589997053146,
    1.3340358436107635
  ],
  "val_losses": [
    1.768919825553894,
    1.610446572303772,
    1.4082001447677612,
    1.3464359045028687,
    1.3158230781555176,
    1.3015760779380798,
    1.2955676317214966,
    1.2899739742279053,
    1.283381462097168,
    1.2782344818115234,
    1.2786176204681396,
    1.27445650100708,
    1.2696201801300049,
    1.2679123878479004,
    1.2755444049835205,
    1.2791532278060913,
    1.2664098143577576,
    1.262923538684845,
    1.2609719634056091,
    1.2638735175132751,
    1.2593567371368408,
    1.2694859504699707,
    1.2622467279434204,
    1.2554912567138672,
    1.2545831203460693,
    1.2573321461677551,
    1.2698110938072205,
    1.2720841765403748,
    1.249761939048767,
    1.2606085538864136,
    1.255725920200348,
    1.260807991027832,
    1.2496291399002075,
    1.2441033720970154,
    1.288576602935791,
    1.2452576756477356,
    1.2663180828094482,
    1.2575108408927917,
    1.252269685268402,
    1.326416552066803,
    1.2705700397491455,
    1.2395750284194946,
    1.2387795448303223,
    1.2380364537239075,
    1.2383199334144592,
    1.2354292273521423,
    1.2484197616577148,
    1.2418307662010193,
    1.2533248662948608,
    1.2325429916381836,
    1.257723331451416,
    1.3379249572753906,
    1.2304279208183289,
    1.2326520085334778,
    1.230175793170929,
    1.2371345162391663,
    1.2518430352210999,
    1.229537308216095,
    1.249033272266388,
    1.2271640300750732,
    1.226075530052185,
    1.225764274597168,
    1.2518244981765747,
    1.2282832264900208,
    1.2323620319366455,
    1.2365883588790894,
    1.2539516687393188,
    1.2319701313972473,
    1.2202322483062744,
    1.2229474782943726,
    1.2214192152023315,
    1.2302550673484802,
    1.223889172077179,
    1.226398229598999,
    1.2145735025405884,
    1.2435382008552551,
    1.2332733869552612,
    1.218203604221344,
    1.235216200351715,
    1.2196374535560608,
    1.2134730815887451,
    1.2100034952163696,
    1.2103168368339539,
    1.2117249369621277,
    1.2112098336219788,
    1.2087685465812683,
    1.2367963790893555,
    1.208893060684204,
    1.2526615262031555,
    1.2213396430015564,
    1.325402319431305,
    1.2867687940597534,
    1.2099641561508179,
    1.209946632385254,
    1.2482291460037231,
    1.2182202339172363
  ]
}