{
  "pearson_r": 0.16807781292468585,
  "pearson_p": 0.00015948086157782727,
  "spearman_rho": 0.16367998283565643,
  "spearman_p": 0.0002372416072408846,
  "r_squared": 0.028250151197545693,
  "mse": 0.26791316270828247,
  "n_train": 4000,
  "n_val": 500,
  "n_test": 500,
  "best_epoch": 90,
  "viable": false,
  "train_losses": [
    0.3033248074352741,
    0.2723292950540781,
    0.266729106195271,
    0.2672536950558424,
    0.26482471730560064,
    0.26497366838157177,
    0.2648880621418357,
    0.26429307367652655,
    0.26505053229629993,
    0.2646594289690256,
    0.2656772369518876,
    0.26881519984453917,
    0.2630178276449442,
    0.2631678283214569,
    0.2650533504784107,
    0.2615540586411953,
    0.26326577458530664,
    0.26105035562068224,
    0.26262195222079754,
    0.26217604614794254,
    0.2601182088255882,
    0.2622292824089527
  ],
  "val_losses": [
    0.2330704778432846,
    0.23227933794260025,
    0.23101551830768585,
    0.23414664715528488,
    0.23421594500541687,
    0.23144466429948807,
    0.23035597056150436,
    0.23198334872722626,
    0.23174156993627548,
    0.23028763383626938,
    0.23856525123119354,
    0.23023581504821777,
    0.23180131614208221,
    0.23195257037878036,
    0.2309475988149643,
    0.23129592090845108,
    0.23985017836093903,
    0.23140092939138412,
    0.23508498817682266,
    0.23133667558431625,
    0.23406313359737396,
    0.23258253186941147
  ]
}