{
  "pearson_r": 0.33052227249372335,
  "pearson_p": 3.2877849179849877e-14,
  "spearman_rho": 0.3312999278326753,
  "spearman_p": 2.8406482529200994e-14,
  "r_squared": 0.10924497261441511,
  "mse": 0.2471679449081421,
  "n_train": 4000,
  "n_val": 500,
  "n_test": 500,
  "best_epoch": 90,
  "viable": true,
  "train_losses": [
    0.2999228285625577,
    0.2688157632946968,
    0.260408747009933,
    0.2558428170159459,
    0.2529908772557974,
    0.2492729974910617,
    0.24761511199176311,
    0.244709936901927,
    0.24384573474526405,
    0.23536701314151287,
    0.23675619903951883,
    0.23233513813465834,
    0.22701966296881437,
    0.23056611511856318,
    0.22795769665390253,
    0.23037996515631676,
    0.22814143635332584,
    0.22390055377036333,
    0.21766282711178064,
    0.21138931438326836
  ],
  "val_losses": [
    0.2530684173107147,
    0.24320608377456665,
    0.2342338040471077,
    0.23014169186353683,
    0.2295389026403427,
    0.2340838387608528,
    0.22792773693799973,
    0.23256880044937134,
    0.22614390403032303,
    0.22584443539381027,
    0.22588063031435013,
    0.22623641043901443,
    0.22884546965360641,
    0.2263074815273285,
    0.22622786462306976,
    0.23103117942810059,
    0.25815555453300476,
    0.23298949748277664,
    0.22738508880138397,
    0.22942259162664413
  ]
}