{
  "pearson_r": 0.286305835415521,
  "pearson_p": 5.029524526957769e-06,
  "spearman_rho": 0.23156806516425074,
  "spearman_p": 0.0002488658381525369,
  "r_squared": 0.08197103139297941,
  "mse": 0.20645061135292053,
  "n_train": 1962,
  "n_val": 245,
  "n_test": 246,
  "best_epoch": 90,
  "viable": false,
  "train_losses": [
    0.44985783845186234,
    0.21556472033262253,
    0.19118111208081245,
    0.18485676310956478,
    0.180514644831419,
    0.18243052624166012,
    0.17759662866592407,
    0.17585964128375053,
    0.17483452148735523,
    0.171360082924366,
    0.17078674398362637,
    0.17484567500650883,
    0.16982764843851328,
    0.16961936466395855,
    0.1679675094783306,
    0.1700257919728756,
    0.16756988316774368,
    0.1674351068213582,
    0.1667859237641096,
    0.16440957970917225,
    0.16632866952568293,
    0.16506625525653362,
    0.1648054625838995,
    0.16405494697391987,
    0.15826153010129929,
    0.16357539780437946,
    0.16172616090625525,
    0.15873796679079533
  ],
  "val_losses": [
    0.16269627213478088,
    0.17821788787841797,
    0.17201454937458038,
    0.16949760913848877,
    0.16042965650558472,
    0.1605655550956726,
    0.15785008668899536,
    0.1584201157093048,
    0.1576976329088211,
    0.15764136612415314,
    0.15821442008018494,
    0.156866192817688,
    0.156899094581604,
    0.15695559978485107,
    0.15740470588207245,
    0.1567102074623108,
    0.15959979593753815,
    0.15597760677337646,
    0.15774966776371002,
    0.15680678188800812,
    0.15737730264663696,
    0.1577933132648468,
    0.15620183944702148,
    0.15854275226593018,
    0.1578839272260666,
    0.15743069350719452,
    0.15901222825050354,
    0.16075794398784637
  ]
}