{
  "pearson_r": 0.575209820076938,
  "pearson_p": 2.2092694020984687e-45,
  "spearman_rho": 0.6016830596130259,
  "spearman_p": 1.4748798154335316e-50,
  "r_squared": 0.3308663371129434,
  "mse": 1.2820802927017212,
  "n_train": 4000,
  "n_val": 500,
  "n_test": 500,
  "best_epoch": 90,
  "viable": true,
  "train_losses": [
    2.558807112276554,
    1.5822971984744072,
    1.3710863962769508,
    1.3255593925714493,
    1.303349331021309,
    1.289932630956173,
    1.2759455516934395,
    1.2580242156982422,
    1.2546318918466568,
    1.2441831566393375,
    1.229376144707203,
    1.2143668457865715,
    1.2085649259388447,
    1.213004183024168,
    1.1983041614294052,
    1.1871025152504444,
    1.184555098414421,
    1.1718816757202148,
    1.1579924523830414,
    1.1543711982667446,
    1.1506155543029308,
    1.1425409391522408,
    1.1442220695316792,
    1.1253331862390041,
    1.1280822977423668,
    1.110370896756649,
    1.1207832284271717,
    1.1022454723715782,
    1.1008196026086807,
    1.125425398349762,
    1.1027008518576622,
    1.0702097862958908,
    1.0702535323798656,
    1.0668857507407665,
    1.068936850875616,
    1.076816063374281,
    1.0735250748693943,
    1.0411762744188309,
    1.040033183991909,
    1.0413203611969948,
    1.0358212143182755,
    1.0359310619533062
  ],
  "val_losses": [
    1.521962821483612,
    1.3937703371047974,
    1.2748719453811646,
    1.2516821026802063,
    1.2330999970436096,
    1.2223790287971497,
    1.209303081035614,
    1.200846552848816,
    1.2082857489585876,
    1.194311797618866,
    1.1816042065620422,
    1.17775297164917,
    1.1791115403175354,
    1.205069363117218,
    1.1691131591796875,
    1.1725508570671082,
    1.1671907901763916,
    1.1782580018043518,
    1.1687676310539246,
    1.165467619895935,
    1.1609639525413513,
    1.1672419309616089,
    1.1544820070266724,
    1.157075583934784,
    1.1535348296165466,
    1.1987621784210205,
    1.15033620595932,
    1.157177448272705,
    1.1972730159759521,
    1.2705764770507812,
    1.1724072098731995,
    1.1477580070495605,
    1.1555575132369995,
    1.1493862867355347,
    1.1727086901664734,
    1.1962966322898865,
    1.1758495569229126,
    1.1708514094352722,
    1.1559785604476929,
    1.158198595046997,
    1.266219973564148,
    1.1523679494857788
  ]
}