{
  "pearson_r": 0.3309018593057192,
  "pearson_p": 3.1567671729947504e-07,
  "spearman_rho": 0.20867390589052326,
  "spearman_p": 0.0015320492683559043,
  "r_squared": 0.10949604049198199,
  "mse": 0.37850069999694824,
  "n_train": 1820,
  "n_val": 227,
  "n_test": 228,
  "best_epoch": 90,
  "viable": true,
  "train_losses": [
    0.5037315413355827,
    0.44783004373311996,
    0.44728391245007515,
    0.4397676847875118,
    0.43696802482008934,
    0.4202765226364136,
    0.45064136758446693,
    0.43602874875068665,
    0.3917930629104376,
    0.40117524191737175,
    0.40648458153009415,
    0.39358583092689514,
    0.38076677545905113,
    0.40576254576444626,
    0.40481695905327797,
    0.38159503415226936,
    0.3809702582657337,
    0.3632092587649822,
    0.3918752148747444,
    0.43848351389169693,
    0.3803442679345608,
    0.3689727783203125,
    0.36194106563925743,
    0.3736731596291065,
    0.3557131625711918,
    0.36189446598291397
  ],
  "val_losses": [
    0.40420642495155334,
    0.401388019323349,
    0.39863312244415283,
    0.3917429745197296,
    0.38888856768608093,
    0.3860391080379486,
    0.39620256423950195,
    0.3844768702983856,
    0.3866923153400421,
    0.3883373439311981,
    0.3900952935218811,
    0.38792645931243896,
    0.3842929005622864,
    0.3798067569732666,
    0.392037034034729,
    0.3793543875217438,
    0.38988348841667175,
    0.38062775135040283,
    0.42158809304237366,
    0.4498770833015442,
    0.39357832074165344,
    0.39104729890823364,
    0.3809375464916229,
    0.41399112343788147,
    0.38798490166664124,
    0.41618332266807556
  ]
}