{
  "pearson_r": 0.5512529678465812,
  "pearson_p": 4.3466867725810564e-41,
  "spearman_rho": 0.5595278995992664,
  "spearman_p": 1.5645055189985153e-42,
  "r_squared": 0.3038798345596639,
  "mse": 3.765841484069824,
  "n_train": 4000,
  "n_val": 500,
  "n_test": 500,
  "best_epoch": 90,
  "viable": true,
  "train_losses": [
    67.80514878034592,
    9.804964572191238,
    6.408572345972061,
    5.816493541002274,
    5.536806523799896,
    5.430870234966278,
    5.253345221281052,
    5.218021333217621,
    5.162808686494827,
    5.059287875890732,
    5.03827965259552,
    4.967906683683395,
    4.90934157371521,
    4.83010920882225,
    4.764973491430283,
    4.766088634729385,
    4.7238533943891525,
    4.7164596021175385,
    4.640877515077591,
    4.576336070895195,
    4.574472084641457,
    4.562953293323517,
    4.559522196650505,
    4.49662272632122,
    4.439123138785362,
    4.43994165956974,
    4.482946455478668,
    4.379639223217964,
    4.365479037165642,
    4.312898650765419,
    4.333710283041,
    4.3213348388671875,
    4.337112054228783,
    4.317490637302399,
    4.242368072271347,
    4.278991833329201,
    4.19245457649231,
    4.226341426372528,
    4.213648229837418,
    4.181695684790611,
    4.220996856689453,
    4.210768550634384,
    4.216409608721733,
    4.170468717813492,
    4.157226175069809,
    4.154167145490646,
    4.111693471670151,
    4.102697551250458,
    4.109544426202774,
    4.070364102721214,
    4.065281242132187,
    4.158046439290047,
    4.11342978477478,
    4.063722252845764,
    4.118340045213699,
    4.109186097979546,
    4.065255373716354,
    4.054023027420044,
    4.058753713965416,
    4.049971237778664,
    4.041200250387192,
    3.9950144588947296,
    3.957523688673973,
    4.018474653363228,
    3.9562419801950455,
    4.032909199595451,
    4.026153936982155,
    3.9729773849248886,
    3.92928746342659,
    4.053179889917374,
    3.958475559949875,
    3.98064124584198,
    3.9153043627738953,
    3.9025081545114517,
    3.878589317202568,
    3.870280757546425,
    3.8935555815696716,
    3.8879689127206802,
    3.9073929488658905,
    3.9090385138988495,
    3.851610690355301,
    3.9073367565870285,
    3.8392172753810883,
    3.850427523255348,
    3.8623701632022858,
    3.8214257061481476,
    3.802658498287201,
    3.8199239373207092,
    3.8483286648988724,
    3.7956969887018204,
    3.836763635277748,
    3.8162920624017715,
    3.8115586638450623,
    3.7415664196014404,
    3.775358334183693
  ],
  "val_losses": [
    9.117224216461182,
    8.277311325073242,
    5.83872652053833,
    5.6337432861328125,
    5.2294230461120605,
    5.194299221038818,
    5.096048831939697,
    5.005589962005615,
    4.9452924728393555,
    4.891208171844482,
    4.806598901748657,
    4.805990695953369,
    4.70612359046936,
    4.653896331787109,
    4.622243642807007,
    4.593453645706177,
    4.524431228637695,
    4.514130115509033,
    4.484037637710571,
    4.473289966583252,
    4.409454584121704,
    4.405296325683594,
    4.3467936515808105,
    4.32575535774231,
    4.341934442520142,
    4.319795608520508,
    4.27029824256897,
    4.253610134124756,
    4.232025146484375,
    4.235220432281494,
    4.26256537437439,
    4.232464790344238,
    4.246468544006348,
    4.245825529098511,
    4.241628646850586,
    4.28485631942749,
    4.151075839996338,
    4.1649110317230225,
    4.158715009689331,
    4.1170618534088135,
    4.189374923706055,
    4.373346328735352,
    4.1939239501953125,
    4.1451497077941895,
    4.081589460372925,
    4.07638144493103,
    4.0863425731658936,
    4.0875736474990845,
    4.117489814758301,
    4.104034423828125,
    4.057838797569275,
    4.053100824356079,
    4.043824791908264,
    4.097163915634155,
    4.1120322942733765,
    4.074382185935974,
    4.0522301197052,
    4.104358553886414,
    4.036056160926819,
    4.060611605644226,
    4.0922534465789795,
    4.079587459564209,
    4.009741544723511,
    4.071935534477234,
    4.063782572746277,
    4.011982560157776,
    4.0088934898376465,
    4.03425931930542,
    3.997134566307068,
    4.061803460121155,
    4.026113510131836,
    4.020283818244934,
    4.016500473022461,
    4.139935255050659,
    4.022794961929321,
    4.025983691215515,
    4.0190407037734985,
    3.992025852203369,
    4.0446038246154785,
    4.008492827415466,
    3.994814395904541,
    3.99091899394989,
    4.0089030265808105,
    4.137966275215149,
    3.979293942451477,
    4.089498400688171,
    4.023495554924011,
    4.006608486175537,
    4.063208699226379,
    4.096574068069458,
    3.9921988248825073,
    4.077757477760315,
    4.010614395141602,
    3.9901450872421265,
    4.059073567390442
  ]
}