{
  "dataset": "agarwal",
  "n_enhancers": 500,
  "n_motif_types": 141,
  "bom_ridge": {
    "mean_r2": -0.03750554456524069,
    "std_r2": 0.11615778226173099,
    "fold_r2": [
      0.027385485425891143,
      -0.22188372600042938,
      -0.12532363794198131,
      0.07149696325186838,
      0.06079719243844772
    ]
  },
  "grammar_ridge": {
    "mean_r2": -0.0833955392574917,
    "std_r2": 0.10554335537866627,
    "fold_r2": [
      -0.09812937063855443,
      -0.2427587165730365,
      -0.1407494646161631,
      0.03445725709200487,
      0.030202598448290652
    ]
  },
  "bom_rf": {
    "mean_r2": 0.09449042111926782,
    "std_r2": 0.0488875968012618,
    "fold_r2": [
      0.1287796049457839,
      0.07175707790631725,
      0.008713115755707324,
      0.14012387470396181,
      0.12307843228456883
    ]
  },
  "grammar_rf": {
    "mean_r2": 0.07641674352291887,
    "std_r2": 0.08010184615837954,
    "fold_r2": [
      0.1766147981073105,
      0.015746109326851943,
      -0.01770037260808066,
      0.16700813081071597,
      0.0404150519777966
    ]
  },
  "grammar_increment_ridge": -0.04588999469225101,
  "grammar_increment_rf": -0.018073677596348953
}