{
  "dataset": "de_almeida",
  "n_enhancers": 500,
  "n_motif_types": 141,
  "bom_ridge": {
    "mean_r2": -0.2265452297141492,
    "std_r2": 0.1419351404258484,
    "fold_r2": [
      -0.4860008502148594,
      -0.2588666304808753,
      -0.18078848490196053,
      -0.10137169459405704,
      -0.10569848837899376
    ]
  },
  "grammar_ridge": {
    "mean_r2": -0.22320083361765977,
    "std_r2": 0.14379873020378778,
    "fold_r2": [
      -0.47864879376906466,
      -0.26090772541410256,
      -0.1981126062430476,
      -0.097988724446324,
      -0.08034631821576
    ]
  },
  "bom_rf": {
    "mean_r2": 0.03861618163941052,
    "std_r2": 0.08366495299757874,
    "fold_r2": [
      0.010568709859094527,
      -0.021805635641027443,
      0.1285364102393458,
      0.143897704562423,
      -0.06811628082278331
    ]
  },
  "grammar_rf": {
    "mean_r2": 0.05922782927469019,
    "std_r2": 0.07347686950489571,
    "fold_r2": [
      0.06292550549704612,
      0.040383703708389174,
      0.1739384101170397,
      0.07467785833198826,
      -0.05578633128101229
    ]
  },
  "grammar_increment_ridge": 0.003344396096489427,
  "grammar_increment_rf": 0.020611647635279673
}