{
  "dataset": "jores",
  "n_enhancers": 500,
  "n_motif_types": 124,
  "bom_ridge": {
    "mean_r2": -0.1524124188114234,
    "std_r2": 0.20612061328025774,
    "fold_r2": [
      -0.09415846853424825,
      0.058425276357820466,
      -0.22427507071890163,
      -0.5155723757409636,
      0.013518544579176006
    ]
  },
  "grammar_ridge": {
    "mean_r2": -0.15287525275578684,
    "std_r2": 0.21657303522300947,
    "fold_r2": [
      -0.07833356336772979,
      0.05375739697721338,
      -0.22130342667004999,
      -0.541164104823832,
      0.022667434105464235
    ]
  },
  "bom_rf": {
    "mean_r2": 0.0974191528620548,
    "std_r2": 0.06387167405360744,
    "fold_r2": [
      0.07765648519920765,
      0.14427525264029895,
      0.08120373184452123,
      -0.0015339991326739355,
      0.18549429375892013
    ]
  },
  "grammar_rf": {
    "mean_r2": 0.0884569523337058,
    "std_r2": 0.05348370086221731,
    "fold_r2": [
      0.09870476780747195,
      0.1223608779003168,
      0.08752941956394389,
      -0.010978705406649025,
      0.14466840180344542
    ]
  },
  "grammar_increment_ridge": -0.0004628339443634444,
  "grammar_increment_rf": -0.008962200528348993
}