{
  "dataset": "klein",
  "n_enhancers": 500,
  "n_motif_types": 188,
  "bom_ridge": {
    "mean_r2": -0.1558548916768246,
    "std_r2": 0.21999105431874616,
    "fold_r2": [
      -0.17148890054582977,
      -0.1310183240406817,
      0.14273126298007022,
      -0.08105905974085248,
      -0.5384394370368293
    ]
  },
  "grammar_ridge": {
    "mean_r2": -0.18271605615195435,
    "std_r2": 0.20199580782620102,
    "fold_r2": [
      -0.17814882079343786,
      -0.17696723478486165,
      0.05409936758110567,
      -0.0640638221554366,
      -0.5484997706071413
    ]
  },
  "bom_rf": {
    "mean_r2": 0.1299359131421725,
    "std_r2": 0.08848574480235609,
    "fold_r2": [
      -9.783819705511121e-05,
      0.06509009497764817,
      0.24600182005124616,
      0.19634077300587316,
      0.14234471587315023
    ]
  },
  "grammar_rf": {
    "mean_r2": 0.11127139284086732,
    "std_r2": 0.09332618242231357,
    "fold_r2": [
      0.03384240385280546,
      0.05302166659990204,
      0.25705443192596045,
      0.1863967200216048,
      0.026041741804063823
    ]
  },
  "grammar_increment_ridge": -0.026861164475129762,
  "grammar_increment_rf": -0.018664520301305193
}