{
  "dataset": "vaishnav",
  "n_enhancers": 500,
  "n_motif_types": 144,
  "bom_ridge": {
    "mean_r2": -0.21749924267313459,
    "std_r2": 0.1413875674172921,
    "fold_r2": [
      -0.31317539967819896,
      -0.2330643339726428,
      -0.36347636768116653,
      -0.2233632042734175,
      0.045583092239752876
    ]
  },
  "grammar_ridge": {
    "mean_r2": -0.2536226891269817,
    "std_r2": 0.14335573584207098,
    "fold_r2": [
      -0.43220674783376567,
      -0.230687958139014,
      -0.3428153573413282,
      -0.25849452979433085,
      -0.003908852526469886
    ]
  },
  "bom_rf": {
    "mean_r2": -0.0013969203132154994,
    "std_r2": 0.055948010877011706,
    "fold_r2": [
      -0.08178924077703509,
      0.0396371038985458,
      -0.049010789436147784,
      0.015116732329517935,
      0.06906159241904164
    ]
  },
  "grammar_rf": {
    "mean_r2": -0.02725219041094551,
    "std_r2": 0.0478539609145366,
    "fold_r2": [
      -0.08691813752709132,
      -0.07706108661395095,
      -0.018916845789671788,
      0.03392367560332188,
      0.01271144227266463
    ]
  },
  "grammar_increment_ridge": -0.03612344645384713,
  "grammar_increment_rf": -0.02585527009773001
}