{
  "biophysics_r2": 0.6492290111779606,
  "biophysics_r2_std": 0.08157030255585909,
  "total_grammar_variance": 0.0001761482256702243,
  "residual_variance": 6.178768729759232e-05,
  "biophysics_explained_fraction": 0.6492290111779606,
  "feature_importances": {
    "dinuc_CG": 0.5334794574683595,
    "shape_HelT_mean": 0.05331951022858948,
    "dinuc_GC": 0.05252091346737739,
    "shape_Roll_mean": 0.04412559880700387,
    "dinuc_GA": 0.029101022918256444,
    "dinuc_TA": 0.028985316510859793,
    "shape_Roll_std": 0.023899697020717363,
    "dinuc_TC": 0.021813800898911488,
    "dinuc_AA": 0.02139224327322926,
    "dinuc_AC": 0.019804664208560085,
    "dinuc_TT": 0.017524606408637046,
    "dinuc_AT": 0.01589481389755114,
    "dinuc_CT": 0.015848245033440064,
    "dinuc_CC": 0.015438206343606865,
    "bendability": 0.011792995048247377,
    "shape_MGW_mean": 0.011091163358353405,
    "shape_MGW_std": 0.010876946829992983,
    "shape_ProT_mean": 0.009368103676003587,
    "dinuc_AG": 0.009330775379130305,
    "shape_HelT_std": 0.008968048448589682,
    "shape_ProT_std": 0.008124527545952788,
    "dinuc_GG": 0.006874446446978217,
    "dinuc_CA": 0.006797223631529996,
    "dinuc_TG": 0.006115493123893106,
    "nucleosome_poly_at": 0.005229800710035087,
    "gc_content": 0.005038840198416938,
    "dinuc_GT": 0.004676716682371137,
    "shape_MGW_max": 0.002566822435405703,
    "shape_MGW_min": 0.0,
    "shape_Roll_min": 0.0,
    "shape_Roll_max": 0.0,
    "shape_ProT_min": 0.0,
    "shape_ProT_max": 0.0,
    "shape_HelT_min": 0.0,
    "shape_HelT_max": 0.0
  },
  "n_samples": 200,
  "n_features": 35
}