{
  "biophysics_r2": 0.5236378674497028,
  "biophysics_r2_std": 0.08852983455404731,
  "total_grammar_variance": 0.0001199778790922324,
  "residual_variance": 5.715291834323755e-05,
  "biophysics_explained_fraction": 0.5236378674497028,
  "feature_importances": {
    "dinuc_CG": 0.19165862097715067,
    "shape_ProT_mean": 0.16349884043967505,
    "shape_MGW_mean": 0.1387571847695626,
    "dinuc_GC": 0.09787257314989058,
    "dinuc_GA": 0.07100606518136612,
    "shape_HelT_std": 0.03202063837134288,
    "shape_HelT_mean": 0.02872631404934364,
    "shape_Roll_std": 0.027594060290020376,
    "shape_MGW_std": 0.02476214034195479,
    "shape_ProT_std": 0.023923704370765325,
    "dinuc_AT": 0.021091350649928675,
    "dinuc_TC": 0.019790297870918374,
    "dinuc_TT": 0.019706730440657582,
    "shape_Roll_mean": 0.018756668778047048,
    "dinuc_CC": 0.015113927336379647,
    "dinuc_TA": 0.011654308454875589,
    "dinuc_TG": 0.01115882375325762,
    "dinuc_AA": 0.010315802476995558,
    "gc_content": 0.010303544757493557,
    "dinuc_AC": 0.009538922660523664,
    "bendability": 0.009036569965822073,
    "nucleosome_poly_at": 0.008829798610845723,
    "dinuc_AG": 0.008289306205783178,
    "dinuc_CA": 0.008270603960233497,
    "dinuc_GT": 0.0074213029805731655,
    "dinuc_GG": 0.00717497824424745,
    "dinuc_CT": 0.003721472967684976,
    "shape_MGW_max": 5.447944660512308e-06,
    "shape_MGW_min": 0.0,
    "shape_Roll_min": 0.0,
    "shape_Roll_max": 0.0,
    "shape_ProT_min": 0.0,
    "shape_ProT_max": 0.0,
    "shape_HelT_min": 0.0,
    "shape_HelT_max": 0.0
  },
  "n_samples": 200,
  "n_features": 35
}