{
  "biophysics_r2": 0.48240775936510927,
  "biophysics_r2_std": 0.06262370476677352,
  "total_grammar_variance": 0.0003445877329971007,
  "residual_variance": 0.00017835593681726682,
  "biophysics_explained_fraction": 0.48240775936510927,
  "feature_importances": {
    "dinuc_CG": 0.3383407974252378,
    "dinuc_AA": 0.16844086265281777,
    "shape_MGW_std": 0.0693055820511414,
    "shape_MGW_mean": 0.05948447637689173,
    "gc_content": 0.05389870013611768,
    "shape_HelT_mean": 0.045782468734951384,
    "shape_Roll_mean": 0.029278692383071552,
    "dinuc_TT": 0.022559279991952636,
    "shape_ProT_mean": 0.02023115010414375,
    "dinuc_CT": 0.018372376076563553,
    "dinuc_GC": 0.01834448080686171,
    "dinuc_CA": 0.014701308137985692,
    "dinuc_TG": 0.013085003105429694,
    "dinuc_AG": 0.01265684855299189,
    "dinuc_AT": 0.011894418508267245,
    "dinuc_GT": 0.011754577255531898,
    "bendability": 0.010773368928444453,
    "shape_Roll_std": 0.010430966399079127,
    "nucleosome_poly_at": 0.010284768519063445,
    "dinuc_AC": 0.010074555060204599,
    "dinuc_GG": 0.009775277656151314,
    "shape_ProT_std": 0.008522632678150907,
    "dinuc_TC": 0.00828389397509384,
    "shape_HelT_std": 0.008036825395116924,
    "dinuc_CC": 0.007710048025199966,
    "dinuc_GA": 0.0071821998342221135,
    "dinuc_TA": 0.0007337704030113181,
    "shape_Roll_max": 5.367170591306968e-05,
    "shape_MGW_max": 5.444196358839827e-06,
    "shape_Roll_min": 1.5549240327389239e-06,
    "shape_MGW_min": 0.0,
    "shape_ProT_min": 0.0,
    "shape_ProT_max": 0.0,
    "shape_HelT_min": 0.0,
    "shape_HelT_max": 0.0
  },
  "n_samples": 200,
  "n_features": 35
}