{
  "biophysics_r2": 0.6237035273679743,
  "biophysics_r2_std": 0.08789709344417043,
  "total_grammar_variance": 0.00020695263924607035,
  "residual_variance": 7.78755481501844e-05,
  "biophysics_explained_fraction": 0.6237035273679743,
  "feature_importances": {
    "dinuc_CG": 0.4612678041100562,
    "dinuc_GC": 0.048845322678307004,
    "shape_ProT_mean": 0.04373468023440605,
    "shape_Roll_mean": 0.04302925409650738,
    "dinuc_AA": 0.037600135774711156,
    "shape_HelT_std": 0.03281912068950458,
    "dinuc_TT": 0.032512811437557215,
    "dinuc_CT": 0.030829636395182568,
    "dinuc_TC": 0.029966007799317153,
    "shape_HelT_mean": 0.02530575535472672,
    "dinuc_TA": 0.024826574699429824,
    "dinuc_CC": 0.020092266424657536,
    "dinuc_TG": 0.01989052132003888,
    "shape_MGW_std": 0.019080948789348486,
    "gc_content": 0.016435356133154194,
    "dinuc_AC": 0.014887582300447743,
    "shape_Roll_std": 0.014242658348244152,
    "bendability": 0.013465102208042729,
    "shape_ProT_std": 0.012892666638895552,
    "dinuc_AG": 0.010476800132865532,
    "shape_MGW_mean": 0.009949655585971228,
    "dinuc_GT": 0.008342785359646469,
    "dinuc_GG": 0.008023956604195918,
    "dinuc_CA": 0.005405890230470851,
    "nucleosome_poly_at": 0.005042867103554778,
    "dinuc_AT": 0.004793092636577282,
    "dinuc_GA": 0.004395049935906321,
    "shape_MGW_max": 0.0018455643076799079,
    "shape_Roll_max": 1.3267059640124438e-07,
    "shape_MGW_min": 0.0,
    "shape_Roll_min": 0.0,
    "shape_ProT_min": 0.0,
    "shape_ProT_max": 0.0,
    "shape_HelT_min": 0.0,
    "shape_HelT_max": 0.0
  },
  "n_samples": 200,
  "n_features": 35
}