{
  "biophysics_r2": 0.11701165897211552,
  "biophysics_r2_std": 0.2060692336594462,
  "total_grammar_variance": 8.536186270026539e-05,
  "residual_variance": 7.537352953275739e-05,
  "biophysics_explained_fraction": 0.11701165897211552,
  "feature_importances": {
    "dinuc_CG": 0.13932998920981704,
    "dinuc_GT": 0.11375283542457978,
    "dinuc_GC": 0.07519387292536932,
    "shape_Roll_mean": 0.04974486644589647,
    "shape_MGW_std": 0.04486837838810434,
    "shape_Roll_std": 0.04453180653375632,
    "bendability": 0.04418218444903541,
    "dinuc_AA": 0.039045099436138264,
    "dinuc_GG": 0.03845955685652929,
    "shape_HelT_mean": 0.03767076285224079,
    "dinuc_AT": 0.035174606698996136,
    "shape_MGW_mean": 0.032666926308658514,
    "dinuc_AG": 0.031706577874445876,
    "dinuc_TA": 0.0311494912521059,
    "shape_HelT_std": 0.030068474491805577,
    "dinuc_AC": 0.027201873216835478,
    "shape_ProT_std": 0.021375617645671818,
    "dinuc_TT": 0.021362985139910643,
    "dinuc_CC": 0.02111845267350246,
    "nucleosome_poly_at": 0.019312346890939105,
    "dinuc_CA": 0.018960590732426025,
    "dinuc_TC": 0.018126078789539427,
    "dinuc_TG": 0.017431311813973064,
    "gc_content": 0.016324351981333706,
    "dinuc_CT": 0.013755243801955058,
    "dinuc_GA": 0.011814556237639934,
    "shape_ProT_mean": 0.00567116192879421,
    "shape_MGW_min": 0.0,
    "shape_MGW_max": 0.0,
    "shape_Roll_min": 0.0,
    "shape_Roll_max": 0.0,
    "shape_ProT_min": 0.0,
    "shape_ProT_max": 0.0,
    "shape_HelT_min": 0.0,
    "shape_HelT_max": 0.0
  },
  "n_samples": 200,
  "n_features": 35
}