{
  "agarwal": {
    "dataset": "agarwal",
    "model": "dnabert2",
    "n_enhancers": 100,
    "n_variants": 50,
    "variant_effects": {
      "gc_shift": {
        "median_delta": 0.10160929709672928,
        "mean_delta": 0.11201333701144904,
        "median_range": 0.5911546722054482,
        "median_z": 0.8026503533351275
      },
      "dinuc_shuffle": {
        "median_delta": 0.04537857323884964,
        "mean_delta": 0.06273959562182427,
        "median_range": 0.32356514781713486,
        "median_z": 0.701720316818821
      },
      "random_replace": {
        "median_delta": 0.14859931200749088,
        "mean_delta": 0.16113874167567246,
        "median_range": 0.418262355029583,
        "median_z": 1.651600445875506
      },
      "motif_only": {
        "median_delta": 0.03394269943237305,
        "mean_delta": 0.04148687206208706,
        "median_range": 0.15792527049779892,
        "median_z": 0.9475805261183532
      }
    },
    "dominant_factor": "random_replace",
    "effect_ranking": [
      [
        "random_replace",
        0.14859931200749088
      ],
      [
        "gc_shift",
        0.10160929709672928
      ],
      [
        "dinuc_shuffle",
        0.04537857323884964
      ],
      [
        "motif_only",
        0.03394269943237305
      ]
    ],
    "gc_expression_correlation": 0.6578810081720072
  },
  "jores": {
    "dataset": "jores",
    "model": "dnabert2",
    "n_enhancers": 100,
    "n_variants": 50,
    "variant_effects": {
      "gc_shift": {
        "median_delta": 0.34605729579925537,
        "mean_delta": 0.4684658285975456,
        "median_range": 2.799531251192093,
        "median_z": 0.5374765360558884
      },
      "dinuc_shuffle": {
        "median_delta": 0.23883342742919922,
        "mean_delta": 0.30968396335840226,
        "median_range": 1.4749917387962341,
        "median_z": 0.7072495609916138
      },
      "random_replace": {
        "median_delta": 0.5458928942680359,
        "mean_delta": 0.6131674280762672,
        "median_range": 1.9459298849105835,
        "median_z": 1.1717409324237786
      },
      "motif_only": {
        "median_delta": 0.08884891867637634,
        "mean_delta": 0.1255929574370384,
        "median_range": 0.2656759023666382,
        "median_z": 1.0621521388269506
      }
    },
    "dominant_factor": "random_replace",
    "effect_ranking": [
      [
        "random_replace",
        0.5458928942680359
      ],
      [
        "gc_shift",
        0.34605729579925537
      ],
      [
        "dinuc_shuffle",
        0.23883342742919922
      ],
      [
        "motif_only",
        0.08884891867637634
      ]
    ],
    "gc_expression_correlation": -0.7335608714155045
  },
  "de_almeida": {
    "dataset": "de_almeida",
    "model": "dnabert2",
    "n_enhancers": 100,
    "n_variants": 50,
    "variant_effects": {
      "gc_shift": {
        "median_delta": 0.12098416686058044,
        "mean_delta": 0.13683510363101958,
        "median_range": 0.6107807755470276,
        "median_z": 0.8725745293591051
      },
      "dinuc_shuffle": {
        "median_delta": 0.11304304003715515,
        "mean_delta": 0.12701011657714845,
        "median_range": 0.5764789879322052,
        "median_z": 0.8559088712631624
      },
      "random_replace": {
        "median_delta": 0.11455214023590088,
        "mean_delta": 0.1375279438495636,
        "median_range": 0.6098171174526215,
        "median_z": 0.8091108942335274
      },
      "motif_only": {
        "median_delta": 0.062336623668670654,
        "mean_delta": 0.07159924447536468,
        "median_range": 0.3076168894767761,
        "median_z": 0.9526960035293781
      }
    },
    "dominant_factor": "gc_shift",
    "effect_ranking": [
      [
        "gc_shift",
        0.12098416686058044
      ],
      [
        "random_replace",
        0.11455214023590088
      ],
      [
        "dinuc_shuffle",
        0.11304304003715515
      ],
      [
        "motif_only",
        0.062336623668670654
      ]
    ],
    "gc_expression_correlation": 0.2148129660192157
  }
}